{
  "name": "Hotel 5L \u2014 Executive Theme",
  "visualStyles": {
    "*": {
      "*": {
        "title": [
          {
            "show": true,
            "fontSize": 13,
            "fontFamily": "Segoe UI Semibold"
          }
        ],
        "labels": [
          {
            "fontSize": 11,
            "fontFamily": "Segoe UI"
          }
        ],
        "legend": [
          {
            "show": true,
            "fontSize": 11
          }
        ],
        "dataLabels": [
          {
            "show": true,
            "fontSize": 10
          }
        ],
        "categoryLabels": [
          {
            "show": true,
            "fontSize": 10
          }
        ]
      }
    }
  },
  "textClasses": {
    "callout": {
      "fontSize": 24,
      "fontFamily": "Segoe UI Semibold"
    }
  },
  "dataColors": [
    "#1F4E79",
    "#2E75B6",
    "#5B9BD5",
    "#70AD47",
    "#FFC000",
    "#ED7D31",
    "#A5A5A5",
    "#4472C4",
    "#264478",
    "#9E480E"
  ],
  "background": "#FFFFFF",
  "foreground": "#1A1A1A",
  "tableAccent": "#1F4E79"
}